timestamp,station_id,temperature,pressure,humidity,is_anomaly,anomaly_type,injected_parameter
2026-01-30 09:00:00,AWS_01,23.05,1013.09,65.22,0,normal,none
2026-01-30 09:00:00,AWS_02,19.89,1009.01,59.03,0,normal,none
2026-01-30 09:00:00,AWS_03,27.64,1011.36,55.69,0,normal,none
2026-01-30 09:00:00,AWS_04,25.27,1014.55,70.59,0,normal,none
2026-01-30 09:00:00,AWS_05,19.48,1014.67,69.47,0,normal,none
2026-01-30 09:15:00,AWS_01,23.7,1013.2,63.76,0,normal,none
2026-01-30 09:15:00,AWS_02,20.02,1009.03,61.61,0,normal,none
2026-01-30 09:15:00,AWS_03,27.56,1010.99,56.36,0,normal,none
2026-01-30 09:15:00,AWS_04,25.72,1014.22,67.71,0,normal,none
2026-01-30 09:15:00,AWS_05,19.57,1014.45,67.35,0,normal,none
2026-01-30 09:30:00,AWS_01,24.16,1013.02,60.32,0,normal,none
2026-01-30 09:30:00,AWS_02,20.87,1009.37,60.83,0,normal,none
2026-01-30 09:30:00,AWS_03,28.63,1011.28,55.37,0,normal,none
2026-01-30 09:30:00,AWS_04,25.48,1014.57,69.03,0,normal,none
2026-01-30 09:30:00,AWS_05,20.12,1014.54,64.03,0,normal,none
2026-01-30 09:45:00,AWS_01,23.71,1013.16,57.99,0,normal,none
2026-01-30 09:45:00,AWS_02,22.31,1009.22,60.3,0,normal,none
2026-01-30 09:45:00,AWS_03,28.99,1011.79,56.61,0,normal,none
2026-01-30 09:45:00,AWS_04,25.59,1014.31,66.34,0,normal,none
2026-01-30 09:45:00,AWS_05,19.87,1014.75,64.71,0,normal,none
2026-01-30 10:00:00,AWS_01,24.16,1013.17,66.58,0,normal,none
2026-01-30 10:00:00,AWS_02,22.3,1009.69,60.52,0,normal,none
2026-01-30 10:00:00,AWS_03,29.33,1011.89,54.48,0,normal,none
2026-01-30 10:00:00,AWS_04,26.34,1014.38,62.55,0,normal,none
2026-01-30 10:00:00,AWS_05,20.39,1014.67,68.53,0,normal,none
2026-01-30 10:15:00,AWS_01,24.5,1013.05,58.99,0,normal,none
2026-01-30 10:15:00,AWS_02,22.06,1010.09,60.29,0,normal,none
2026-01-30 10:15:00,AWS_03,30.12,1011.3,52.8,0,normal,none
2026-01-30 10:15:00,AWS_04,26.73,1014.79,62.46,0,normal,none
2026-01-30 10:15:00,AWS_05,21.88,1014.74,63.65,0,normal,none
2026-01-30 10:30:00,AWS_01,26.56,1012.48,57.78,0,normal,none
2026-01-30 10:30:00,AWS_02,23.01,1010.01,54.0,0,normal,none
2026-01-30 10:30:00,AWS_03,29.82,1011.37,50.13,0,normal,none
2026-01-30 10:30:00,AWS_04,28.25,1014.36,62.97,0,normal,none
2026-01-30 10:30:00,AWS_05,21.8,1013.97,61.79,0,normal,none
2026-01-30 10:45:00,AWS_01,26.59,1012.54,57.22,0,normal,none
2026-01-30 10:45:00,AWS_02,23.28,1010.0,56.48,0,normal,none
2026-01-30 10:45:00,AWS_03,29.45,1011.86,48.6,0,normal,none
2026-01-30 10:45:00,AWS_04,28.35,1014.58,63.79,0,normal,none
2026-01-30 10:45:00,AWS_05,20.8,1014.56,58.98,0,normal,none
2026-01-30 11:00:00,AWS_01,26.85,1012.61,55.44,0,normal,none
2026-01-30 11:00:00,AWS_02,23.85,1010.26,59.83,0,normal,none
2026-01-30 11:00:00,AWS_03,29.9,1011.41,48.76,0,normal,none
2026-01-30 11:00:00,AWS_04,27.62,1014.78,62.2,0,normal,none
2026-01-30 11:00:00,AWS_05,21.51,1014.39,61.75,0,normal,none
2026-01-30 11:15:00,AWS_01,28.06,1012.76,54.99,0,normal,none
2026-01-30 11:15:00,AWS_02,24.07,1010.45,55.49,0,normal,none
2026-01-30 11:15:00,AWS_03,29.55,1011.62,46.99,0,normal,none
2026-01-30 11:15:00,AWS_04,28.98,1014.7,61.15,0,normal,none
2026-01-30 11:15:00,AWS_05,22.34,1014.82,58.5,0,normal,none
2026-01-30 11:30:00,AWS_01,26.93,1012.92,57.36,0,normal,none
2026-01-30 11:30:00,AWS_02,24.2,1010.36,52.98,0,normal,none
2026-01-30 11:30:00,AWS_03,29.58,1011.32,45.96,0,normal,none
2026-01-30 11:30:00,AWS_04,28.34,1014.95,59.74,0,normal,none
2026-01-30 11:30:00,AWS_05,21.82,1014.63,58.99,0,normal,none
2026-01-30 11:45:00,AWS_01,26.37,1013.11,53.49,0,normal,none
2026-01-30 11:45:00,AWS_02,24.77,1010.5,53.25,0,normal,none
2026-01-30 11:45:00,AWS_03,30.42,1011.88,46.31,0,normal,none
2026-01-30 11:45:00,AWS_04,28.2,1014.87,61.72,0,normal,none
2026-01-30 11:45:00,AWS_05,23.09,1014.62,61.05,0,normal,none
2026-01-30 12:00:00,AWS_01,28.0,1012.7,50.81,0,normal,none
2026-01-30 12:00:00,AWS_02,24.3,1010.14,52.19,0,normal,none
2026-01-30 12:00:00,AWS_03,30.04,1011.39,44.2,0,normal,none
2026-01-30 12:00:00,AWS_04,28.16,1014.94,58.69,0,normal,none
2026-01-30 12:00:00,AWS_05,22.0,1014.93,58.56,0,normal,none
2026-01-30 12:15:00,AWS_01,27.92,1012.85,52.2,0,normal,none
2026-01-30 12:15:00,AWS_02,24.46,1010.42,49.75,0,normal,none
2026-01-30 12:15:00,AWS_03,30.46,1011.41,43.42,0,normal,none
2026-01-30 12:15:00,AWS_04,29.13,1014.67,57.43,0,normal,none
2026-01-30 12:15:00,AWS_05,21.81,1014.82,58.55,0,normal,none
2026-01-30 12:30:00,AWS_01,28.03,1013.14,50.88,0,normal,none
2026-01-30 12:30:00,AWS_02,25.24,1010.22,52.66,0,normal,none
2026-01-30 12:30:00,AWS_03,30.92,1012.14,45.82,0,normal,none
2026-01-30 12:30:00,AWS_04,27.57,1014.91,58.07,0,normal,none
2026-01-30 12:30:00,AWS_05,23.08,1014.65,54.83,0,normal,none
2026-01-30 12:45:00,AWS_01,27.76,1013.07,54.07,0,normal,none
2026-01-30 12:45:00,AWS_02,24.25,1009.81,51.73,0,normal,none
2026-01-30 12:45:00,AWS_03,31.49,1011.51,41.08,0,normal,none
2026-01-30 12:45:00,AWS_04,28.93,1015.21,56.08,0,normal,none
2026-01-30 12:45:00,AWS_05,22.17,1014.2,55.67,0,normal,none
2026-01-30 13:00:00,AWS_01,29.02,1012.88,52.47,0,normal,none
2026-01-30 13:00:00,AWS_02,25.22,1010.51,47.11,0,normal,none
2026-01-30 13:00:00,AWS_03,32.4,1011.35,40.73,0,normal,none
2026-01-30 13:00:00,AWS_04,28.84,1014.42,55.6,0,normal,none
2026-01-30 13:00:00,AWS_05,22.16,1014.31,55.87,0,normal,none
2026-01-30 13:15:00,AWS_01,29.51,1013.33,49.96,0,normal,none
2026-01-30 13:15:00,AWS_02,25.22,1009.95,49.15,0,normal,none
2026-01-30 13:15:00,AWS_03,32.49,1011.77,44.81,0,normal,none
2026-01-30 13:15:00,AWS_04,28.44,1014.5,57.18,0,normal,none
2026-01-30 13:15:00,AWS_05,22.5,1014.4,50.89,0,normal,none
2026-01-30 13:30:00,AWS_01,30.82,1013.02,45.97,0,normal,none
2026-01-30 13:30:00,AWS_02,25.2,1009.71,48.05,0,normal,none
2026-01-30 13:30:00,AWS_03,32.98,1011.12,40.88,0,normal,none
2026-01-30 13:30:00,AWS_04,29.09,1014.43,57.56,0,normal,none
2026-01-30 13:30:00,AWS_05,23.49,1014.24,51.74,0,normal,none
2026-01-30 13:45:00,AWS_01,29.84,1013.34,46.01,0,normal,none
2026-01-30 13:45:00,AWS_02,25.33,1010.43,45.9,0,normal,none
2026-01-30 13:45:00,AWS_03,32.52,1011.04,43.86,0,normal,none
2026-01-30 13:45:00,AWS_04,30.24,1014.56,57.04,0,normal,none
2026-01-30 13:45:00,AWS_05,23.51,1014.35,50.24,0,normal,none
2026-01-30 14:00:00,AWS_01,30.58,1013.11,47.73,0,normal,none
2026-01-30 14:00:00,AWS_02,25.49,1010.08,45.92,0,normal,none
2026-01-30 14:00:00,AWS_03,31.56,1011.04,38.45,0,normal,none
2026-01-30 14:00:00,AWS_04,29.16,1014.81,55.04,0,normal,none
2026-01-30 14:00:00,AWS_05,23.08,1013.98,50.43,0,normal,none
2026-01-30 14:15:00,AWS_01,30.85,1013.11,47.69,0,normal,none
2026-01-30 14:15:00,AWS_02,24.73,1009.97,46.24,0,normal,none
2026-01-30 14:15:00,AWS_03,32.5,1010.94,40.66,0,normal,none
2026-01-30 14:15:00,AWS_04,29.16,1014.95,55.91,0,normal,none
2026-01-30 14:15:00,AWS_05,23.68,1014.57,50.42,0,normal,none
2026-01-30 14:30:00,AWS_01,30.43,1012.88,46.84,0,normal,none
2026-01-30 14:30:00,AWS_02,25.25,1010.01,48.21,0,normal,none
2026-01-30 14:30:00,AWS_03,33.07,1011.24,41.29,0,normal,none
2026-01-30 14:30:00,AWS_04,30.5,1014.39,53.54,0,normal,none
2026-01-30 14:30:00,AWS_05,23.38,1014.18,48.21,0,normal,none
2026-01-30 14:45:00,AWS_01,29.99,1013.05,46.6,0,normal,none
2026-01-30 14:45:00,AWS_02,26.07,1010.0,47.12,0,normal,none
2026-01-30 14:45:00,AWS_03,32.9,1011.52,37.78,0,normal,none
2026-01-30 14:45:00,AWS_04,30.23,1014.52,56.08,0,normal,none
2026-01-30 14:45:00,AWS_05,23.22,1014.63,48.77,0,normal,none
2026-01-30 15:00:00,AWS_01,30.08,1012.61,46.29,0,normal,none
2026-01-30 15:00:00,AWS_02,26.43,1010.05,45.93,0,normal,none
2026-01-30 15:00:00,AWS_03,32.47,1011.55,43.07,0,normal,none
2026-01-30 15:00:00,AWS_04,30.19,1014.64,52.9,0,normal,none
2026-01-30 15:00:00,AWS_05,22.43,1014.54,51.16,0,normal,none
2026-01-30 15:15:00,AWS_01,29.25,1012.63,47.82,0,normal,none
2026-01-30 15:15:00,AWS_02,25.62,1009.18,47.11,0,normal,none
2026-01-30 15:15:00,AWS_03,32.5,1011.12,38.66,0,normal,none
2026-01-30 15:15:00,AWS_04,30.89,1014.37,54.57,0,normal,none
2026-01-30 15:15:00,AWS_05,22.93,1014.29,49.4,0,normal,none
2026-01-30 15:30:00,AWS_01,28.51,1012.46,42.76,0,normal,none
2026-01-30 15:30:00,AWS_02,27.99,1009.94,49.19,0,normal,none
2026-01-30 15:30:00,AWS_03,31.8,1010.97,40.48,0,normal,none
2026-01-30 15:30:00,AWS_04,29.73,1013.91,56.15,0,normal,none
2026-01-30 15:30:00,AWS_05,22.42,1014.27,47.98,0,normal,none
2026-01-30 15:45:00,AWS_01,28.83,1012.55,45.66,0,normal,none
2026-01-30 15:45:00,AWS_02,27.74,1009.72,48.23,0,normal,none
2026-01-30 15:45:00,AWS_03,31.78,1011.01,38.31,0,normal,none
2026-01-30 15:45:00,AWS_04,29.26,1013.77,54.51,0,normal,none
2026-01-30 15:45:00,AWS_05,21.61,1013.94,50.93,0,normal,none
2026-01-30 16:00:00,AWS_01,28.58,1012.58,45.88,0,normal,none
2026-01-30 16:00:00,AWS_02,28.48,1009.85,49.69,0,normal,none
2026-01-30 16:00:00,AWS_03,30.52,1010.5,42.95,0,normal,none
2026-01-30 16:00:00,AWS_04,28.68,1013.86,55.4,0,normal,none
2026-01-30 16:00:00,AWS_05,22.06,1014.3,47.43,0,normal,none
2026-01-30 16:15:00,AWS_01,28.12,1012.81,49.47,0,normal,none
2026-01-30 16:15:00,AWS_02,28.49,1010.18,46.83,0,normal,none
2026-01-30 16:15:00,AWS_03,30.8,1010.27,39.89,0,normal,none
2026-01-30 16:15:00,AWS_04,29.79,1014.3,53.56,0,normal,none
2026-01-30 16:15:00,AWS_05,20.92,1014.37,47.84,0,normal,none
2026-01-30 16:30:00,AWS_01,27.67,1012.13,45.5,0,normal,none
2026-01-30 16:30:00,AWS_02,28.73,1009.96,50.72,0,normal,none
2026-01-30 16:30:00,AWS_03,29.75,1010.22,44.33,0,normal,none
2026-01-30 16:30:00,AWS_04,28.93,1014.01,50.68,0,normal,none
2026-01-30 16:30:00,AWS_05,20.36,1014.21,53.09,0,normal,none
2026-01-30 16:45:00,AWS_01,27.87,1012.35,47.72,0,normal,none
2026-01-30 16:45:00,AWS_02,28.91,1010.03,48.69,0,normal,none
2026-01-30 16:45:00,AWS_03,30.94,1009.96,41.99,0,normal,none
2026-01-30 16:45:00,AWS_04,29.1,1013.64,52.76,0,normal,none
2026-01-30 16:45:00,AWS_05,20.57,1013.92,52.0,0,normal,none
2026-01-30 17:00:00,AWS_01,27.58,1012.74,48.13,0,normal,none
2026-01-30 17:00:00,AWS_02,29.12,1009.93,46.53,0,normal,none
2026-01-30 17:00:00,AWS_03,29.03,1010.07,42.15,0,normal,none
2026-01-30 17:00:00,AWS_04,28.66,1013.92,54.03,0,normal,none
2026-01-30 17:00:00,AWS_05,20.32,1013.87,50.2,0,normal,none
2026-01-30 17:15:00,AWS_01,26.93,1012.98,50.64,0,normal,none
2026-01-30 17:15:00,AWS_02,29.02,1009.92,47.97,0,normal,none
2026-01-30 17:15:00,AWS_03,28.86,1009.84,38.49,0,normal,none
2026-01-30 17:15:00,AWS_04,28.01,1014.02,52.36,0,normal,none
2026-01-30 17:15:00,AWS_05,19.26,1014.46,54.76,0,normal,none
2026-01-30 17:30:00,AWS_01,26.99,1012.88,50.82,0,normal,none
2026-01-30 17:30:00,AWS_02,27.86,1010.12,46.1,0,normal,none
2026-01-30 17:30:00,AWS_03,28.63,1010.29,40.81,0,normal,none
2026-01-30 17:30:00,AWS_04,28.51,1013.8,54.74,0,normal,none
2026-01-30 17:30:00,AWS_05,18.14,1014.2,50.32,0,normal,none
2026-01-30 17:45:00,AWS_01,26.61,1013.26,48.31,0,normal,none
2026-01-30 17:45:00,AWS_02,27.26,1009.34,48.53,0,normal,none
2026-01-30 17:45:00,AWS_03,28.73,1010.85,40.22,0,normal,none
2026-01-30 17:45:00,AWS_04,28.77,1013.85,51.17,0,normal,none
2026-01-30 17:45:00,AWS_05,19.86,1014.52,52.45,0,normal,none
2026-01-30 18:00:00,AWS_01,26.35,1012.86,47.47,0,normal,none
2026-01-30 18:00:00,AWS_02,27.63,1010.07,50.34,0,normal,none
2026-01-30 18:00:00,AWS_03,28.92,1010.42,41.34,0,normal,none
2026-01-30 18:00:00,AWS_04,27.83,1013.47,50.81,0,normal,none
2026-01-30 18:00:00,AWS_05,19.18,1014.72,48.56,0,normal,none
2026-01-30 18:15:00,AWS_01,26.27,1013.32,47.75,0,normal,none
2026-01-30 18:15:00,AWS_02,27.89,1010.23,51.04,0,normal,none
2026-01-30 18:15:00,AWS_03,28.14,1010.53,42.04,0,normal,none
2026-01-30 18:15:00,AWS_04,27.42,1013.8,56.61,0,normal,none
2026-01-30 18:15:00,AWS_05,18.85,1014.62,49.88,0,normal,none
2026-01-30 18:30:00,AWS_01,25.59,1013.49,49.46,0,normal,none
2026-01-30 18:30:00,AWS_02,27.81,1010.13,49.11,0,normal,none
2026-01-30 18:30:00,AWS_03,27.84,1010.24,41.17,0,normal,none
2026-01-30 18:30:00,AWS_04,26.38,1013.54,55.15,0,normal,none
2026-01-30 18:30:00,AWS_05,18.57,1014.68,54.52,0,normal,none
2026-01-30 18:45:00,AWS_01,25.6,1013.57,50.04,0,normal,none
2026-01-30 18:45:00,AWS_02,26.36,1009.74,57.01,0,normal,none
2026-01-30 18:45:00,AWS_03,27.64,1010.16,43.31,0,normal,none
2026-01-30 18:45:00,AWS_04,25.1,1013.64,57.55,0,normal,none
2026-01-30 18:45:00,AWS_05,18.85,1014.3,55.37,0,normal,none
2026-01-30 19:00:00,AWS_01,25.12,1013.32,52.45,0,normal,none
2026-01-30 19:00:00,AWS_02,26.32,1009.62,51.55,0,normal,none
2026-01-30 19:00:00,AWS_03,27.25,1010.02,44.44,0,normal,none
2026-01-30 19:00:00,AWS_04,24.57,1014.26,56.63,0,normal,none
2026-01-30 19:00:00,AWS_05,19.52,1014.34,52.59,0,normal,none
2026-01-30 19:15:00,AWS_01,24.41,1013.65,53.17,0,normal,none
2026-01-30 19:15:00,AWS_02,25.18,1010.41,49.53,0,normal,none
2026-01-30 19:15:00,AWS_03,26.77,1010.31,43.42,0,normal,none
2026-01-30 19:15:00,AWS_04,25.33,1013.91,59.08,0,normal,none
2026-01-30 19:15:00,AWS_05,19.11,1014.16,57.72,0,normal,none
2026-01-30 19:30:00,AWS_01,23.99,1013.67,54.15,0,normal,none
2026-01-30 19:30:00,AWS_02,25.42,1009.72,55.61,0,normal,none
2026-01-30 19:30:00,AWS_03,27.03,1009.97,47.97,0,normal,none
2026-01-30 19:30:00,AWS_04,23.22,1013.87,61.86,0,normal,none
2026-01-30 19:30:00,AWS_05,16.89,1014.31,56.9,0,normal,none
2026-01-30 19:45:00,AWS_01,23.28,1013.87,56.68,0,normal,none
2026-01-30 19:45:00,AWS_02,24.34,1010.36,54.63,0,normal,none
2026-01-30 19:45:00,AWS_03,26.19,1009.66,47.17,0,normal,none
2026-01-30 19:45:00,AWS_04,21.41,1014.42,62.92,0,normal,none
2026-01-30 19:45:00,AWS_05,17.28,1014.45,53.38,0,normal,none
2026-01-30 20:00:00,AWS_01,22.92,1014.24,58.96,0,normal,none
2026-01-30 20:00:00,AWS_02,23.92,1010.16,54.35,0,normal,none
2026-01-30 20:00:00,AWS_03,25.59,1010.12,49.1,0,normal,none
2026-01-30 20:00:00,AWS_04,20.56,1014.37,60.15,0,normal,none
2026-01-30 20:00:00,AWS_05,17.45,1014.45,54.53,0,normal,none
2026-01-30 20:15:00,AWS_01,23.26,1014.19,56.12,0,normal,none
2026-01-30 20:15:00,AWS_02,23.74,1010.2,53.23,0,normal,none
2026-01-30 20:15:00,AWS_03,24.95,1010.02,49.3,0,normal,none
2026-01-30 20:15:00,AWS_04,20.57,1014.6,61.41,0,normal,none
2026-01-30 20:15:00,AWS_05,16.75,1014.88,53.63,0,normal,none
2026-01-30 20:30:00,AWS_01,22.22,1014.05,58.98,0,normal,none
2026-01-30 20:30:00,AWS_02,22.9,1009.86,56.21,0,normal,none
2026-01-30 20:30:00,AWS_03,24.09,1009.98,45.83,0,normal,none
2026-01-30 20:30:00,AWS_04,21.08,1014.62,62.98,0,normal,none
2026-01-30 20:30:00,AWS_05,16.36,1014.59,55.64,0,normal,none
2026-01-30 20:45:00,AWS_01,21.71,1013.77,57.24,0,normal,none
2026-01-30 20:45:00,AWS_02,22.68,1009.6,59.24,0,normal,none
2026-01-30 20:45:00,AWS_03,24.72,1010.21,48.42,0,normal,none
2026-01-30 20:45:00,AWS_04,20.09,1015.09,67.23,0,normal,none
2026-01-30 20:45:00,AWS_05,16.03,1014.67,57.85,0,normal,none
2026-01-30 21:00:00,AWS_01,21.44,1013.9,61.32,0,normal,none
2026-01-30 21:00:00,AWS_02,21.67,1009.66,57.26,0,normal,none
2026-01-30 21:00:00,AWS_03,23.34,1009.94,54.87,0,normal,none
2026-01-30 21:00:00,AWS_04,19.65,1014.78,61.8,0,normal,none
2026-01-30 21:00:00,AWS_05,15.6,1014.22,58.05,0,normal,none
2026-01-30 21:15:00,AWS_01,21.16,1013.68,61.7,0,normal,none
2026-01-30 21:15:00,AWS_02,20.92,1009.33,54.55,0,normal,none
2026-01-30 21:15:00,AWS_03,22.68,1010.34,54.21,0,normal,none
2026-01-30 21:15:00,AWS_04,18.46,1015.04,62.7,0,normal,none
2026-01-30 21:15:00,AWS_05,14.98,1014.31,59.12,0,normal,none
2026-01-30 21:30:00,AWS_01,20.89,1013.22,62.04,0,normal,none
2026-01-30 21:30:00,AWS_02,21.13,1009.99,51.29,0,normal,none
2026-01-30 21:30:00,AWS_03,22.09,1009.9,50.46,0,normal,none
2026-01-30 21:30:00,AWS_04,19.1,1014.7,67.25,0,normal,none
2026-01-30 21:30:00,AWS_05,13.57,1014.55,62.22,0,normal,none
2026-01-30 21:45:00,AWS_01,20.21,1013.69,61.09,0,normal,none
2026-01-30 21:45:00,AWS_02,19.1,1009.7,60.11,0,normal,none
2026-01-30 21:45:00,AWS_03,20.91,1010.43,56.65,0,normal,none
2026-01-30 21:45:00,AWS_04,18.28,1014.54,64.55,0,normal,none
2026-01-30 21:45:00,AWS_05,12.36,1014.63,61.99,0,normal,none
2026-01-30 22:00:00,AWS_01,20.06,1013.59,60.84,0,normal,none
2026-01-30 22:00:00,AWS_02,19.03,1009.73,58.44,0,normal,none
2026-01-30 22:00:00,AWS_03,20.86,1009.89,55.07,0,normal,none
2026-01-30 22:00:00,AWS_04,17.92,1014.37,67.87,0,normal,none
2026-01-30 22:00:00,AWS_05,11.98,1014.6,63.81,0,normal,none
2026-01-30 22:15:00,AWS_01,18.37,1013.67,61.01,0,normal,none
2026-01-30 22:15:00,AWS_02,18.9,1009.6,61.09,0,normal,none
2026-01-30 22:15:00,AWS_03,20.75,1009.85,52.81,0,normal,none
2026-01-30 22:15:00,AWS_04,16.98,1014.62,66.27,0,normal,none
2026-01-30 22:15:00,AWS_05,11.92,1014.49,64.47,0,normal,none
2026-01-30 22:30:00,AWS_01,18.48,1013.57,64.11,0,normal,none
2026-01-30 22:30:00,AWS_02,18.57,1009.44,60.34,0,normal,none
2026-01-30 22:30:00,AWS_03,19.41,1009.53,61.87,0,normal,none
2026-01-30 22:30:00,AWS_04,16.01,1014.4,69.08,0,normal,none
2026-01-30 22:30:00,AWS_05,11.71,1014.49,64.99,0,normal,none
2026-01-30 22:45:00,AWS_01,17.45,1013.34,67.98,0,normal,none
2026-01-30 22:45:00,AWS_02,19.85,1009.63,60.81,0,normal,none
2026-01-30 22:45:00,AWS_03,19.91,1009.66,59.62,0,normal,none
2026-01-30 22:45:00,AWS_04,16.03,1014.5,68.04,0,normal,none
2026-01-30 22:45:00,AWS_05,10.97,1014.67,66.83,0,normal,none
2026-01-30 23:00:00,AWS_01,17.41,1013.84,65.44,0,normal,none
2026-01-30 23:00:00,AWS_02,19.14,1009.65,61.98,0,normal,none
2026-01-30 23:00:00,AWS_03,19.54,1009.96,61.26,0,normal,none
2026-01-30 23:00:00,AWS_04,15.87,1014.66,67.73,0,normal,none
2026-01-30 23:00:00,AWS_05,9.72,1014.84,67.44,0,normal,none
2026-01-30 23:15:00,AWS_01,16.49,1013.27,68.3,0,normal,none
2026-01-30 23:15:00,AWS_02,17.77,1009.84,63.3,0,normal,none
2026-01-30 23:15:00,AWS_03,20.06,1009.43,59.2,0,normal,none
2026-01-30 23:15:00,AWS_04,15.67,1014.27,70.83,0,normal,none
2026-01-30 23:15:00,AWS_05,9.76,1014.92,64.11,0,normal,none
2026-01-30 23:30:00,AWS_01,16.26,1013.85,69.36,0,normal,none
2026-01-30 23:30:00,AWS_02,17.11,1009.11,66.66,0,normal,none
2026-01-30 23:30:00,AWS_03,20.01,1009.83,60.0,0,normal,none
2026-01-30 23:30:00,AWS_04,15.98,1014.75,68.58,0,normal,none
2026-01-30 23:30:00,AWS_05,10.2,1015.22,70.6,0,normal,none
2026-01-30 23:45:00,AWS_01,16.47,1013.54,67.56,0,normal,none
2026-01-30 23:45:00,AWS_02,16.98,1009.08,66.95,0,normal,none
2026-01-30 23:45:00,AWS_03,19.36,1009.2,60.42,0,normal,none
2026-01-30 23:45:00,AWS_04,14.3,1014.3,73.31,0,normal,none
2026-01-30 23:45:00,AWS_05,10.66,1015.35,68.02,0,normal,none
